<?xml version="1.0" encoding="UTF-8"?>
<project-private xmlns="http://www.netbeans.org/ns/project-private/1">
    <editor-bookmarks xmlns="http://www.netbeans.org/ns/editor-bookmarks/2" lastBookmarkId="0"/>
    <open-files xmlns="http://www.netbeans.org/ns/projectui-open-files/2">
        <group>
            <file>file:/C:/Programming/GitHub%20Clone/maverick/Programming%202/Labs/OOP/EMS/src/ems/Crud.java</file>
            <file>file:/C:/Programming/GitHub%20Clone/maverick/Programming%202/Labs/OOP/EMS/src/ems/EMS.java</file>
            <file>file:/C:/Programming/GitHub%20Clone/maverick/Programming%202/Labs/OOP/EMS/src/ems/Employee.java</file>
            <file>file:/C:/Programming/GitHub%20Clone/maverick/Programming%202/Labs/OOP/EMS/src/ems/Ui.java</file>
            <file>file:/C:/Programming/GitHub%20Clone/maverick/Programming%202/Labs/OOP/EMS/src/ems/Db.java</file>
        </group>
    </open-files>
</project-private>
